network,infection_prob,peak_infected_avg,peak_infected_std,final_recovered_avg,final_recovered_std
Watts-Strogatz (100),0.1,5.333333333333333,1.247219128924647,13.666666666666666,4.714045207910316
Watts-Strogatz (100),0.2,15.0,4.242640687119285,62.666666666666664,8.055363982396381
Watts-Strogatz (100),0.30000000000000004,20.333333333333332,12.498888839501783,50.333333333333336,35.593382655893905
Watts-Strogatz (100),0.4,31.666666666666668,5.312459150169742,75.33333333333333,2.6246692913372702
Watts-Strogatz (100),0.5,36.0,5.656854249492381,77.66666666666667,2.494438257849294
Watts-Strogatz (100),0.6,41.0,0.816496580927726,77.66666666666667,1.699673171197595
Watts-Strogatz (100),0.7000000000000001,47.0,5.715476066494082,78.33333333333333,6.128258770283413
Watts-Strogatz (100),0.8,53.0,6.377042156569663,78.66666666666667,4.496912521077347
Watts-Strogatz (100),0.9,45.0,4.898979485566356,76.0,3.7416573867739413
