FromNodeId,ToNodeId
0,1
0,499
0,2
0,3
0,4
0,496
0,5
0,495
1,3
1,499
1,4
1,498
1,5
1,497
1,6
1,496
1,140
1,196
1,152
2,3
2,4
2,5
2,499
2,6
2,498
2,7
3,4
3,6
3,7
3,499
3,8
3,498
3,78
4,5
4,6
4,8
4,9
4,499
4,401
5,6
5,7
5,8
5,9
5,10
6,7
6,8
6,9
6,10
6,17
7,8
7,9
7,10
7,11
7,12
8,10
8,11
8,12
8,47
8,418
9,10
9,11
9,14
9,245
9,63
10,11
10,12
10,13
10,14
10,15
10,149
11,13
11,14
11,15
11,16
11,101
11,371
12,13
12,14
12,15
12,16
12,17
13,14
13,15
13,16
13,17
13,18
14,15
14,16
14,17
14,18
14,19
15,16
15,17
15,18
15,19
15,258
16,17
16,18
16,19
16,20
16,21
17,18
17,19
17,20
17,21
17,326
18,19
18,20
18,21
18,23
18,100
19,20
19,21
19,22
19,23
19,24
19,435
20,21
20,22
20,23
20,24
20,25
21,22
21,23
21,24
21,25
21,26
22,23
22,24
22,25
22,26
22,282
23,24
23,25
23,26
23,27
23,28
23,34
24,25
24,26
24,27
24,28
24,84
24,369
25,26
25,27
25,28
25,29
25,30
26,27
26,28
26,29
26,30
26,31
27,28
27,29
27,30
27,31
27,112
27,313
27,416
28,29
28,30
28,31
28,32
28,33
29,31
29,32
29,33
29,34
29,235
30,31
30,32
30,33
30,34
30,35
30,49
31,32
31,33
31,34
31,35
31,36
32,33
32,34
32,35
32,36
32,37
33,34
33,36
33,37
33,38
33,272
34,35
34,36
34,37
34,39
34,154
34,218
34,435
35,36
35,37
35,38
35,39
35,40
35,315
36,37
36,38
36,39
36,40
36,41
37,38
37,39
37,40
37,41
37,42
38,39
38,40
38,41
38,42
38,43
39,41
39,42
39,43
39,116
39,491
40,41
40,42
40,43
40,44
40,45
40,329
41,42
41,43
41,44
41,46
41,100
41,455
42,43
42,44
42,45
42,46
42,47
43,44
43,45
43,46
43,47
43,48
44,45
44,46
44,47
44,48
44,49
45,46
45,47
45,49
45,50
45,214
45,221
46,47
46,48
46,50
46,51
46,378
47,48
47,49
47,50
47,51
47,52
48,49
48,50
48,51
48,52
48,53
48,222
49,50
49,51
49,489
49,194
50,51
50,52
50,53
50,54
50,55
50,320
51,52
51,53
51,54
51,55
51,56
52,54
52,55
52,56
52,57
52,325
52,204
52,272
53,54
53,55
53,56
53,57
53,58
53,232
54,55
54,56
54,57
54,58
54,432
55,56
55,57
55,58
55,59
55,60
56,57
56,58
56,59
56,60
56,61
57,58
57,60
57,61
57,62
57,451
58,59
58,60
58,61
58,62
58,63
59,60
59,61
59,62
59,63
59,270
60,61
60,62
60,63
60,64
60,65
60,132
61,62
61,63
61,64
61,65
61,66
62,63
62,64
62,65
62,66
62,67
63,64
63,65
63,66
63,67
63,68
64,66
64,67
64,68
64,69
64,161
65,66
65,67
65,68
65,69
65,70
66,68
66,69
66,70
66,71
66,467
67,68
67,69
67,70
67,72
67,484
67,334
68,69
68,70
68,71
68,72
68,73
69,70
69,71
69,72
69,73
69,74
70,71
70,72
70,73
70,74
70,75
70,117
71,72
71,73
71,74
71,75
71,76
71,279
72,73
72,74
72,75
72,76
72,77
73,74
73,75
73,76
73,77
73,106
74,75
74,76
74,77
74,78
74,79
75,76
75,77
75,78
75,79
75,80
76,77
76,78
76,80
76,81
76,475
77,78
77,79
77,80
77,81
77,82
77,443
78,79
78,80
78,81
78,82
78,440
78,288
79,80
79,81
79,83
79,84
79,139
80,81
80,82
80,83
80,84
80,85
81,82
81,84
81,86
81,150
81,483
82,83
82,84
82,85
82,86
82,87
83,84
83,85
83,87
83,88
83,445
84,86
84,87
84,88
84,89
84,171
85,86
85,87
85,88
85,89
85,90
86,87
86,88
86,91
86,379
86,144
87,88
87,89
87,90
87,91
87,92
88,89
88,90
88,92
88,93
88,382
89,90
89,91
89,92
89,93
89,94
90,91
90,92
90,93
90,94
90,223
91,92
91,93
91,94
91,95
91,96
92,93
92,94
92,95
92,96
92,309
93,94
93,95
93,96
93,97
93,98
94,95
94,96
94,97
94,98
94,99
95,96
95,97
95,98
95,99
95,100
95,217
96,97
96,98
96,99
96,100
96,101
97,98
97,99
97,100
97,101
97,139
98,99
98,100
98,101
98,102
98,103
98,323
99,100
99,101
99,102
99,103
99,104
100,101
100,102
100,104
100,105
101,102
101,103
101,104
101,105
101,106
102,103
102,104
102,105
102,107
102,382
102,258
103,104
103,105
103,106
103,107
103,108
103,381
104,106
104,107
104,108
104,109
104,369
104,115
105,106
105,107
105,108
105,109
105,110
105,387
106,107
106,108
106,109
106,110
106,111
107,108
107,109
107,110
107,111
107,112
108,109
108,110
108,111
108,112
108,113
109,110
109,111
109,112
109,241
109,191
109,137
109,268
110,111
110,113
110,114
110,115
110,273
110,330
111,112
111,113
111,114
111,115
111,116
112,113
112,115
112,116
112,117
113,114
113,115
113,117
113,118
113,202
113,221
114,115
114,116
114,117
114,118
114,119
114,317
115,116
115,117
115,119
115,120
115,327
116,117
116,118
116,119
116,120
116,157
117,118
117,119
117,120
117,122
117,187
118,119
118,120
118,121
118,122
118,123
119,121
119,122
119,123
119,124
119,165
120,121
120,122
120,123
120,124
120,220
121,122
121,123
121,125
121,126
121,157
121,382
122,123
122,124
122,125
122,126
122,127
123,124
123,126
123,127
123,128
123,481
123,364
124,125
124,126
124,127
124,128
124,181
125,126
125,127
125,128
125,129
125,130
125,245
125,394
126,127
126,129
126,130
126,131
126,251
127,128
127,130
127,131
127,132
127,322
128,130
128,131
128,132
128,133
128,374
129,130
129,131
129,132
129,133
129,211
130,132
130,133
130,134
130,135
130,389
130,340
131,132
131,133
131,134
131,135
131,461
132,133
132,135
132,136
132,137
133,134
133,135
133,137
133,138
133,160
134,135
134,136
134,137
134,138
134,139
134,348
135,136
135,137
135,138
135,140
135,494
135,169
136,137
136,138
136,139
136,140
136,141
137,138
137,139
137,140
137,141
137,142
138,139
138,140
138,141
138,142
138,143
139,140
139,141
139,143
139,144
139,166
140,141
140,142
140,143
140,144
140,145
141,142
141,143
141,144
141,145
141,146
141,462
141,378
142,143
142,144
142,145
142,147
142,242
143,144
143,145
143,146
143,147
143,148
144,145
144,147
144,148
144,149
144,491
145,146
145,147
145,148
145,149
145,150
146,147
146,148
146,149
146,150
146,151
147,148
147,149
147,150
147,151
147,152
147,156
148,149
148,150
148,151
148,153
148,245
149,151
149,153
149,154
149,445
150,151
150,152
150,153
150,154
150,155
151,152
151,153
151,154
151,155
151,156
151,389
152,153
152,155
152,156
152,202
153,155
153,156
153,157
153,158
153,323
154,156
154,157
154,158
154,159
155,156
155,157
155,158
155,160
155,485
156,157
156,159
156,160
156,161
157,159
157,160
157,161
157,162
158,159
158,160
158,161
158,162
158,163
159,160
159,161
159,162
159,163
159,164
160,161
160,162
160,163
160,164
160,165
161,162
161,163
161,164
161,165
161,166
162,163
162,164
162,165
162,166
162,167
162,497
163,164
163,165
163,166
163,167
163,168
164,165
164,166
164,167
164,168
164,169
165,166
165,167
165,168
165,169
165,170
166,167
166,168
166,169
166,170
166,171
166,326
167,169
167,170
167,171
167,172
167,337
168,169
168,170
168,171
168,172
168,173
169,170
169,171
169,172
169,173
169,174
170,171
170,172
170,173
170,174
170,175
171,172
171,174
171,175
171,176
172,173
172,174
172,175
172,176
172,177
172,269
173,174
173,175
173,176
173,177
173,178
174,176
174,177
174,178
174,179
174,206
175,176
175,177
175,178
175,179
175,180
176,177
176,178
176,179
176,180
176,181
176,344
176,417
177,178
177,179
177,180
177,181
177,182
178,179
178,180
178,181
178,182
178,183
179,180
179,181
179,182
179,183
179,184
179,364
180,181
180,182
180,183
180,184
180,185
180,458
180,348
181,182
181,183
181,185
181,186
181,226
182,183
182,184
182,185
182,186
182,187
183,184
183,185
183,186
183,187
183,188
184,186
184,187
184,188
184,189
184,413
184,434
185,186
185,187
185,188
185,189
185,190
186,187
186,188
186,190
186,191
186,236
186,273
187,190
187,191
187,192
187,276
188,189
188,190
188,192
188,193
188,425
189,190
189,191
189,192
189,193
189,194
189,284
190,191
190,192
190,193
190,194
190,195
191,192
191,193
191,194
191,195
191,196
192,193
192,194
192,196
192,197
192,304
193,194
193,195
193,196
193,197
193,198
193,443
194,195
194,196
194,197
194,198
194,199
194,484
195,196
195,198
195,199
195,200
195,387
196,198
196,199
196,200
196,201
196,282
197,198
197,199
197,200
197,201
197,306
198,199
198,200
198,201
198,202
198,203
199,200
199,201
199,202
199,203
199,204
200,201
200,202
200,203
200,204
200,205
201,202
201,203
201,204
201,205
201,206
202,203
202,204
202,205
202,206
202,207
203,204
203,205
203,206
203,207
203,208
203,491
204,205
204,206
204,209
204,489
205,206
205,207
205,208
205,209
205,210
206,207
206,208
206,209
206,210
206,211
207,208
207,209
207,210
207,211
207,212
208,209
208,210
208,212
208,213
208,447
208,330
209,210
209,211
209,212
209,213
209,393
210,211
210,212
210,213
210,214
210,215
211,212
211,213
211,214
211,215
211,216
211,221
212,214
212,215
212,216
212,217
212,299
213,214
213,215
213,216
213,217
213,218
214,215
214,217
214,218
214,219
214,338
215,216
215,217
215,218
215,219
215,220
216,218
216,219
216,220
216,221
216,260
217,219
217,220
217,221
217,222
218,220
218,221
218,222
218,223
219,220
219,221
219,222
219,223
219,224
219,481
220,221
220,222
220,223
220,224
220,225
221,222
221,223
221,224
222,223
222,224
222,226
222,227
223,224
223,225
223,226
223,227
223,228
224,225
224,226
224,227
224,228
224,229
224,393
225,226
225,227
225,228
225,229
225,230
226,227
226,228
226,229
226,230
226,231
227,228
227,229
227,230
227,231
227,232
228,229
228,230
228,231
228,232
228,233
229,230
229,231
229,232
229,233
229,234
229,498
230,231
230,232
230,234
230,235
230,339
231,232
231,233
231,234
231,235
231,236
232,233
232,234
232,235
232,236
233,234
233,235
233,236
233,237
233,238
234,235
234,236
234,237
234,238
234,239
235,236
235,237
235,238
235,239
235,425
236,237
236,238
236,239
236,241
236,393
236,337
237,238
237,239
237,240
237,242
237,293
238,240
238,241
238,242
238,243
238,318
239,240
239,241
239,242
239,243
239,244
240,241
240,242
240,243
240,244
240,245
240,316
241,244
241,246
241,430
241,471
242,243
242,244
242,245
242,246
242,247
243,244
243,245
243,246
243,247
243,248
244,245
244,246
244,247
244,248
244,249
244,445
245,247
245,248
245,249
245,250
246,247
246,248
246,249
246,250
246,251
247,248
247,249
247,250
247,251
247,252
248,249
248,250
248,251
248,252
248,253
249,250
249,251
249,252
249,253
249,254
250,251
250,252
250,253
250,254
250,255
251,252
251,253
251,254
251,255
251,256
252,253
252,254
252,255
252,256
252,257
253,255
253,256
253,258
253,418
253,290
254,255
254,256
254,257
254,258
254,259
255,256
255,257
255,258
255,259
255,260
256,257
256,258
256,259
256,260
256,261
257,258
257,259
257,261
257,262
257,432
257,397
258,259
258,260
258,261
258,262
258,263
259,260
259,261
259,262
259,263
259,264
260,261
260,262
260,263
260,264
260,265
261,262
261,263
261,264
261,265
261,266
262,263
262,264
262,265
262,266
262,267
263,264
263,265
263,266
263,267
263,268
263,344
263,394
264,265
264,266
264,267
264,268
264,314
265,266
265,267
265,268
265,269
265,270
266,267
266,268
266,269
266,270
266,271
267,268
267,269
267,270
267,271
267,272
268,269
268,270
268,271
268,272
269,270
269,271
269,272
269,274
270,272
270,273
270,274
270,275
270,324
271,272
271,273
271,274
271,275
271,276
272,273
272,274
272,275
272,276
273,275
273,277
273,278
273,394
273,407
274,275
274,276
274,277
274,278
274,279
274,415
275,276
275,277
275,278
275,279
275,280
276,277
276,278
276,279
276,280
276,281
277,278
277,279
277,280
277,281
277,282
278,279
278,280
278,281
278,283
278,342
279,280
279,281
279,282
279,284
279,370
280,281
280,282
280,283
280,284
280,285
281,282
281,283
281,284
281,285
281,286
282,283
282,285
282,287
282,381
283,284
283,285
283,286
283,287
283,288
284,286
284,287
284,288
284,289
285,286
285,287
285,288
285,289
285,290
286,287
286,288
286,289
286,290
286,291
287,288
287,289
287,290
287,291
287,292
288,289
288,290
288,291
288,293
288,334
289,290
289,291
289,292
289,293
289,294
290,291
290,292
290,293
290,294
290,295
291,292
291,293
291,294
291,295
291,296
292,293
292,294
292,295
292,296
292,297
293,294
293,295
293,296
293,297
293,298
294,295
294,296
294,297
294,298
294,299
295,296
295,297
295,298
295,299
295,300
296,297
296,299
296,300
296,301
296,466
297,298
297,299
297,300
297,301
297,302
298,299
298,300
298,301
298,302
298,303
299,300
299,301
299,302
299,303
299,304
300,301
300,302
300,303
300,304
300,305
301,302
301,303
301,304
301,305
301,306
302,303
302,304
302,305
302,306
302,307
303,304
303,305
303,306
303,307
303,308
303,446
304,305
304,306
304,307
304,308
304,309
304,388
305,306
305,307
305,308
305,309
305,310
306,308
306,309
306,310
306,311
306,377
306,389
307,308
307,309
307,310
307,311
307,312
308,309
308,310
308,311
308,312
308,313
308,408
309,310
309,311
309,312
309,313
309,314
310,311
310,312
310,313
310,314
310,315
310,369
311,312
311,313
311,314
311,315
311,316
312,313
312,314
312,315
312,316
312,317
313,314
313,315
313,317
313,318
314,315
314,316
314,317
314,318
314,319
315,316
315,318
315,319
315,320
316,318
316,319
316,320
316,321
317,318
317,319
317,321
317,322
318,319
318,320
318,322
318,323
318,476
319,320
319,321
319,323
319,324
319,365
320,321
320,323
320,324
320,325
320,420
321,322
321,323
321,324
321,325
321,326
321,383
322,323
322,324
322,325
322,326
322,327
323,325
323,326
323,327
323,328
324,325
324,326
324,327
324,328
324,329
325,326
325,327
325,328
325,329
325,330
326,329
326,330
326,331
326,395
327,328
327,329
327,330
327,331
328,329
328,330
328,331
328,332
328,333
329,330
329,331
329,333
329,334
330,331
330,332
330,334
330,335
331,332
331,333
331,334
331,335
331,336
331,389
332,333
332,334
332,335
332,336
332,337
332,467
333,334
333,335
333,336
333,337
333,338
334,335
334,336
334,337
334,339
335,336
335,338
335,339
335,340
335,445
336,337
336,338
336,339
336,340
336,341
337,338
337,339
337,340
337,342
338,339
338,340
338,342
338,343
338,383
339,340
339,341
339,342
339,343
339,344
340,341
340,342
340,343
340,368
341,342
341,343
341,345
341,346
341,428
342,343
342,344
342,345
342,346
342,347
343,344
343,345
343,346
343,347
343,348
343,426
344,345
344,346
344,349
345,346
345,347
345,348
345,349
345,350
346,347
346,348
346,349
346,350
346,351
347,348
347,349
347,350
347,352
347,457
348,473
348,483
348,478
349,350
349,351
349,352
349,353
349,354
349,467
350,351
350,352
350,353
350,354
350,355
351,352
351,353
351,354
351,355
351,356
352,353
352,354
352,356
352,357
352,499
353,354
353,355
353,356
353,357
353,358
354,355
354,356
354,357
354,358
354,359
355,356
355,357
355,358
355,359
355,360
356,357
356,358
356,359
356,360
356,361
356,449
357,358
357,359
357,360
357,361
357,362
358,359
358,360
358,362
358,363
358,447
359,360
359,361
359,362
359,363
359,364
360,361
360,362
360,363
360,364
360,365
361,362
361,363
361,364
361,366
361,493
362,363
362,364
362,365
362,366
362,367
363,364
363,365
363,367
363,368
363,403
364,365
364,366
364,368
365,366
365,367
365,368
365,369
365,370
366,367
366,368
366,369
366,370
366,371
367,368
367,369
367,370
367,371
367,372
368,369
368,370
368,371
368,372
368,373
369,370
369,372
369,373
369,374
370,371
370,372
370,374
370,375
370,441
371,372
371,373
371,374
371,376
372,373
372,374
372,375
372,376
372,377
373,374
373,375
373,376
373,377
373,378
374,375
374,376
374,377
374,378
374,379
375,376
375,377
375,378
375,379
375,380
376,377
376,378
376,379
376,380
376,381
377,378
377,379
377,380
377,381
377,382
378,379
378,380
378,381
378,382
379,380
379,381
379,382
379,383
379,384
379,495
380,381
380,382
380,383
380,384
380,385
381,382
381,383
381,385
381,386
382,383
382,384
382,386
382,387
383,384
383,386
383,388
384,385
384,386
384,387
384,388
384,389
385,386
385,387
385,388
385,389
385,390
386,387
386,388
386,389
386,390
386,391
386,406
387,388
387,389
387,390
387,392
388,389
388,390
388,391
388,393
389,394
389,487
390,391
390,392
390,393
390,394
390,395
391,392
391,393
391,394
391,395
391,396
392,393
392,394
392,395
392,396
392,397
393,394
393,395
393,396
393,398
394,396
394,397
394,398
395,396
395,397
395,398
395,399
395,400
396,397
396,398
396,399
396,400
396,401
397,398
397,399
397,400
397,402
398,399
398,400
398,401
398,402
398,403
399,400
399,401
399,402
399,403
399,404
400,401
400,402
400,403
400,404
400,405
401,402
401,403
401,404
401,405
401,406
402,403
402,404
402,405
402,406
402,407
402,470
403,404
403,405
403,406
403,407
403,497
404,405
404,406
404,407
404,408
404,409
405,406
405,407
405,408
405,409
405,410
406,407
406,409
406,410
406,411
407,408
407,409
407,410
407,411
408,409
408,410
408,412
408,413
409,410
409,411
409,412
409,413
409,414
410,411
410,412
410,413
410,414
410,415
411,412
411,413
411,414
411,415
411,416
412,413
412,414
412,415
412,416
412,417
412,456
413,414
413,415
413,416
413,417
413,418
414,415
414,416
414,417
414,418
414,419
415,416
415,418
415,419
415,420
416,417
416,418
416,419
416,420
416,421
417,418
417,419
417,420
417,422
418,419
418,420
418,421
418,422
418,423
419,420
419,421
419,422
419,423
419,424
420,421
420,422
420,423
420,424
421,422
421,423
421,424
421,425
421,426
422,423
422,424
422,425
422,426
422,427
423,424
423,425
423,426
423,427
423,428
424,425
424,426
424,427
424,428
424,429
425,426
425,427
425,428
425,429
425,430
426,427
426,428
426,430
426,450
426,490
427,428
427,429
427,430
427,431
427,432
428,429
428,430
428,431
428,432
428,433
429,430
429,431
429,432
429,433
429,434
430,431
430,432
430,433
430,434
430,435
431,432
431,433
431,434
431,435
431,436
432,433
432,434
432,435
432,436
432,437
433,434
433,435
433,436
433,437
433,438
433,490
434,435
434,436
434,437
434,438
435,436
435,439
435,440
436,437
436,438
436,439
436,440
436,441
437,438
437,439
437,440
437,441
437,442
438,439
438,441
438,442
438,443
438,454
439,440
439,441
439,442
439,443
439,444
440,441
440,442
440,444
440,445
441,442
441,443
441,444
441,446
442,443
442,444
442,445
442,446
442,447
442,479
443,445
443,446
443,448
444,445
444,446
444,447
444,448
444,449
445,446
445,447
445,448
445,449
446,447
446,448
446,449
446,450
447,449
447,450
447,451
447,452
448,449
448,450
448,451
448,452
448,453
449,450
449,451
449,452
449,453
450,452
450,453
450,454
450,455
451,452
451,453
451,454
451,455
451,456
452,453
452,454
452,455
452,456
452,457
453,454
453,455
453,456
453,457
453,458
454,455
454,456
454,457
454,458
454,459
455,456
455,457
455,458
455,460
455,479
456,457
456,458
456,459
456,460
457,458
457,459
457,460
457,461
457,462
458,460
458,461
458,462
458,463
459,460
459,461
459,462
459,463
459,464
459,497
460,461
460,462
460,463
460,464
460,465
461,462
461,463
461,464
461,465
461,466
462,463
462,465
462,466
462,467
463,464
463,465
463,466
463,467
463,468
464,465
464,466
464,467
464,468
464,469
465,466
465,467
465,468
465,469
465,470
466,467
466,468
466,469
466,470
466,471
467,468
467,469
467,471
468,469
468,470
468,471
468,472
468,473
469,470
469,471
469,472
469,473
469,474
470,471
470,473
470,474
470,475
471,472
471,473
471,474
471,475
471,476
472,473
472,474
472,475
472,476
472,477
473,474
473,475
473,476
473,477
473,478
474,475
474,476
474,477
474,478
474,479
475,476
475,477
475,478
475,479
475,480
476,477
476,478
476,479
476,480
476,481
477,478
477,479
477,480
477,481
477,482
478,479
478,480
478,481
478,482
478,483
479,480
479,481
479,482
479,484
480,481
480,482
480,483
480,484
480,485
481,483
481,484
481,485
481,486
482,483
482,484
482,485
482,486
482,487
483,484
483,485
483,486
483,487
483,488
484,486
484,487
484,488
484,489
485,486
485,487
485,488
485,489
485,490
486,487
486,488
486,489
486,490
486,491
487,488
487,489
487,490
487,491
487,492
487,495
488,489
488,490
488,491
488,492
488,493
489,490
489,491
489,492
489,493
489,494
490,491
490,492
490,493
490,494
491,492
491,493
491,495
491,496
492,493
492,494
492,495
492,496
492,497
493,494
493,495
493,496
493,497
493,498
494,495
494,497
494,498
494,499
495,498
495,499
496,497
496,498
496,499
497,498
497,499
498,499
